ProjectID,ProjectName,EmployeeID,StartDate,EndDate
1001,Customer Satisfaction Analysis,1315,4/27/2025,2/23/2026
1002,Employee Performance Analytics,1227,9/27/2023,4/24/2026
1003,Sales Forecasting,670,11/19/2023,12/8/2025
1004,Customer Churn Prediction,1836,5/3/2024,8/25/2025
1005,Inventory Optimization,1746,4/21/2025,6/25/2025
1006,Employee Attendance Monitoring,2037,12/18/2024,2/4/2026
1007,Marketing Campaign Analysis,991,1/14/2025,1/2/2026
1008,Fraud Detection,144,9/12/2024,12/22/2025
1009,Business Expense Analysis,1050,1/12/2025,11/25/2025
1010,Customer Segmentation,1238,1/3/2024,9/4/2025
1011,Employee Recruitment Analytics,372,3/23/2025,7/11/2025
1012,Product Recommendation,813,9/3/2024,3/6/2026
1013,Website Performance Analytics,1471,1/5/2025,3/15/2026
1014,Financial Performance Dashboard,1055,7/7/2024,12/22/2025
1015,Data Digitization,1189,8/29/2024,8/9/2025
1016,Document Management System,151,8/17/2024,8/21/2025
1017,Customer Support Automation,1923,6/24/2024,4/17/2026
1018,Employee Training Effectiveness,209,3/1/2025,9/6/2025
1019,Operational Efficiency,794,5/12/2024,11/4/2025
1020,Predictive Maintenance,1702,10/6/2024,12/28/2025
